section,order,title
2018-11,13,November committee meeting (12 Nov 2018)
2018-10,12,October committee meeting (8 Oct 2018)
AGM2018,11,AGM 2018
2018-07,10,July committee meeting (XX July 2018)
2018-06,9,June committee meeting (25 May 2018)
2018-05,8,May committee meeting (21 May 2018)
2018-04,8,April committee meeting (16 Apr 2018)
2018-03,7,March committee meeting (12 Mar 2018)
2018-02,6,February committee meeting (12 Feb 2018)
2018-01,5,January committee meeting (15 Jan 2018)
2017-11,4,November committee meeting (13 Nov 2017)
2017-10,3,October committee meeting (9 Oct 2017)
AGM2017,2,AGM 2017
2017-09,1,September committee meeting (11 Sep 2017)
